Difficulty,Hero Level
Easy,8.49599208973113
Hard,7.244557046519921
Medium,7.841464135587944
Very Hard,8.394267277186419
