Group,Hero Level
Assassin,8.23587025347324
Specialist,8.373815428263578
Support,7.604186149558647
Warrior,7.410529714473002
